"sequencehash","timestamptime","sourcehash","experimenthash"
"2fa1a449cd54086194f2999cc6a10921","03/12/2007 00:57:00","ec2fa6ab697465fe74ca1d31898d17d0","2c2a1a9bcd6dc930cba1ace766a93e93"
"67053533a3072319e4962452c78d93be","03/12/2007 00:57:00","ec2fa6ab697465fe74ca1d31898d17d0","2c2a1a9bcd6dc930cba1ace766a93e93"
"6c4cfdcbeca8b8d24e94432c816d578f","03/12/2007 00:57:00","ec2fa6ab697465fe74ca1d31898d17d0","2c2a1a9bcd6dc930cba1ace766a93e93"
"6f26b5cba8b127a1e8f5eb6cf6e79db6","03/12/2007 00:57:00","ec2fa6ab697465fe74ca1d31898d17d0","2c2a1a9bcd6dc930cba1ace766a93e93"
"862d97fb546f2da863a47f39b92f2c32","03/12/2007 00:57:00","ec2fa6ab697465fe74ca1d31898d17d0","2c2a1a9bcd6dc930cba1ace766a93e93"
"921ff8fa9c29fdb072bbbe0aafe578ad","03/12/2007 00:57:00","ec2fa6ab697465fe74ca1d31898d17d0","2c2a1a9bcd6dc930cba1ace766a93e93"
"d4f9d6a0745155c2d3e1b9692317054c","03/12/2007 00:57:00","ec2fa6ab697465fe74ca1d31898d17d0","2c2a1a9bcd6dc930cba1ace766a93e93"
"d5f1a2310262982de4d17974e683d284","03/12/2007 00:57:00","ec2fa6ab697465fe74ca1d31898d17d0","2c2a1a9bcd6dc930cba1ace766a93e93"
"dbd48ae8f10fcd705293d916d7e6a9bd","03/12/2007 00:57:00","ec2fa6ab697465fe74ca1d31898d17d0","2c2a1a9bcd6dc930cba1ace766a93e93"
"e786a904fdc2f80b91287be72d8715b5","03/12/2007 00:57:00","ec2fa6ab697465fe74ca1d31898d17d0","2c2a1a9bcd6dc930cba1ace766a93e93"
