"sequencehash","timestamptime","sourcehash","observationhash","metadatahash"
"00459d0611bec1abff2cae866e87f684","04/12/2007 11:17:00","79e0c2ef5a35b0fd03c73ba6747b1db3","3ddc00aa14c20c519690adc06899c710","00459d0611bec1abff2cae866e87f684"
"0b338b1f1303f475d400042284b1adf3","04/12/2007 10:54:00","b3328e9cecb49d1c4b0352716770c0f3","4884b0f9ca4bfe1d5904c6b4bfcc4270","0b338b1f1303f475d400042284b1adf3"
"0bcf3aa28f1f7909acece88a4c617ec4","03/12/2007 15:59:00","8a6a5a808b9ac413b2070f322cff998b","6b9860b5c337873f247bd31492eed616","0bcf3aa28f1f7909acece88a4c617ec4"
"0e918b29e2135d64d6d196ea0f87a266","03/12/2007 15:29:00","43a351a1b8ba0b43d3125a1cb538371f","007a5ee6581c736b55642d573cb5a9aa","0e918b29e2135d64d6d196ea0f87a266"
"0ece65713dd9456ef2a0b8ce80f98efc","04/12/2007 11:10:00","cf9f945b3d44e10807b7d959f482b2b9","e81fbf1eda9063d752adf250735d40cb","0ece65713dd9456ef2a0b8ce80f98efc"
"0fb4340c60177e252c4f6a880c3b8093","04/12/2007 14:57:00","f18a09d78e2a7dc0436810ca212cae7b","dc28617d8215d118cb159d5f132eeade","0fb4340c60177e252c4f6a880c3b8093"
"11b0b4daf5fdc5b7ee5c577350e6d78a","03/12/2007 00:57:00","cfd1823d2d49990fa3de7b7263cca20b","e89382ea1a48ac60b0c453d568111259","11b0b4daf5fdc5b7ee5c577350e6d78a"
"13a4a73eb617d34c62d3280edbe94fdc","03/12/2007 00:40:00","c0b7a25004fb35229316dd7fcfc3ede9","165a73cb61d60e3cbd4b1af0cc02da30","13a4a73eb617d34c62d3280edbe94fdc"
"150f8eea4d6d71c0db29e8ef3bd1e549","03/12/2007 16:47:00","311242a48cd584912009b9754e6689d0","9d09d8b73f6d05cff7848c1e13d6bbd2","150f8eea4d6d71c0db29e8ef3bd1e549"
"158f5ede0d7373a473a4ae463d71e3a9","06/12/2007 16:47:00","6b49633797e3b2492e13134dd01c0836","4f9a6d573b94aef130bc1f64d19d0980","158f5ede0d7373a473a4ae463d71e3a9"
"1b01002787c35997e6475d9348a6583d","04/12/2007 11:10:00","dc8985a12b37d82f6169a35dd5873257","7525b4ccadd8d6a5293ca113b26c6d8e","1b01002787c35997e6475d9348a6583d"
"1ef43c5072d36e666b2e73d895fd8198","06/12/2007 16:47:00","254c9bcabe5a5f8bd19e5f406b063325","df8d6750e47a558f4e11ec5b1c7cd6ea","1ef43c5072d36e666b2e73d895fd8198"
"1f351771af0e8a396f7491ec6943f761","04/12/2007 12:18:00","3dcd7988ce2d2a67cb63edd548486019","dad70e09c2b563ebb05f6808e8a98b87","1f351771af0e8a396f7491ec6943f761"
"211085d7f242f2ce43eeb50f1ebd1509","03/12/2007 00:40:00","3f0bc5cad3b1045283789d77ca34f556","2c2c8039de04ede9e88f6a32049da827","211085d7f242f2ce43eeb50f1ebd1509"
"269a8d3bf578dde03dd9ff21a62ab1d9","04/12/2007 12:25:00","d1360758393a81d15476754d2d2760c5","0ee26990512675b36948fb74047cd4e3","269a8d3bf578dde03dd9ff21a62ab1d9"
"26e43ba0e955afff549d29500a65c710","04/12/2007 14:49:00","9a7874f54ddd59ce789bf6b2166f037c","35455f31ca79629472db442fd99a6381","26e43ba0e955afff549d29500a65c710"
"2987661e154071c035774194ff7ee1ae","03/12/2007 00:50:00","b4258d2d62afc76f932ee0c9ddf57296","c1046d4c3cf8d531fa42320e7d05be9e","2987661e154071c035774194ff7ee1ae"
"2b17652da27a8a91ad8587a231addbc3","03/12/2007 15:48:00","8b50661c0b3da7b028ca7d3c6ebe539b","e94e4a0c18529ce1f7d99f2d8f380593","2b17652da27a8a91ad8587a231addbc3"
"2b222a394ad95b9ed7bba2ad06fc2ea1","03/12/2007 15:59:00","4d3a0b8b351ae2327bd7f1572f9a47b5","d665b10af54c54f645f7891cdf33baac","2b222a394ad95b9ed7bba2ad06fc2ea1"
"2c2a1a9bcd6dc930cba1ace766a93e93","03/12/2007 00:57:00","ec2fa6ab697465fe74ca1d31898d17d0","58fd6c347acb5ecd375e5c32d1acd041","2c2a1a9bcd6dc930cba1ace766a93e93"
"2dc8549d16c1678cda3eeada194d51b1","04/12/2007 12:38:00","7aa54518e6a47611c35552c5989d5906","a4030a612bc583d7073b36dd29929ed6","2dc8549d16c1678cda3eeada194d51b1"
"305e30f31fad10e9d7eab9061cc4f9f1","04/12/2007 14:49:00","24cfcbb6c9d079cc38db61a37dc1e986","b23766fe4a5e63ce3480396b1512e7c9","305e30f31fad10e9d7eab9061cc4f9f1"
"33dbedfd0c61dcaf0f241ff5971a67f0","04/12/2007 11:01:00","c0faf26d2530ca72acb2c188df3d9729","b4be9853f06e609d02a642f827f7072e","33dbedfd0c61dcaf0f241ff5971a67f0"
"3b4ac684843a8cca25eb61a3ec3c6d68","03/12/2007 16:55:00","6b3dc045e3a98709ca1b0c290714946d","8a94345f67cbe86c58bd8750e39f8cb3","3b4ac684843a8cca25eb61a3ec3c6d68"
"3edefe32257309671055d61bca83acb8","03/12/2007 17:13:00","ded0b4d99ff0f0884a5040da986f3681","042b5eada4cd9780fe7f7dbfd48f0eb5","3edefe32257309671055d61bca83acb8"
"3f6c08f538711722ceb03885abd39a19","04/12/2007 12:38:00","ee564084bd329420db37506e809f1b55","5c0a1515653ab8859726aff9e81a3a04","3f6c08f538711722ceb03885abd39a19"
"432b2c4584c60cd3bcf7d04ad4af9d19","04/12/2007 14:57:00","3a1298e05dd25196e0bcd11410ee53ba","80217518d299c99f34d664a1756a59ea","432b2c4584c60cd3bcf7d04ad4af9d19"
"48a7005fb9c3c2ee086be38b9544e14d","04/12/2007 12:18:00","fbd1e543a5cdcd8028286374eabc87cf","64b7de3d65950251a25270e9ae88fe85","48a7005fb9c3c2ee086be38b9544e14d"
"4b23b5eadb9a4e595b069a474e8af4e8","04/12/2007 12:10:00","4f80c546b5c3657d3d79a13fa57dddaa","8d85969615fd65c829505a7dbbeff80e","4b23b5eadb9a4e595b069a474e8af4e8"
"5153ab451a0ca9f6d282c114cbc2b0cf","03/12/2007 00:50:00","d8189b34460fab7a0f21969ca3559697","661bdf8c816d14ef7e516be96c7912fb","5153ab451a0ca9f6d282c114cbc2b0cf"
"518aba3b5a6ee29dc894e52a0d3499b3","03/12/2007 00:50:00","78c0b7c93b6491a6bac81245752cc429","4e44a220b04c0d144b81ce6f2eed4f0c","518aba3b5a6ee29dc894e52a0d3499b3"
"551840b1aa6ba6aadc175083b45f8d21","03/12/2007 16:55:00","575c9adc04a3a4ec723f86d5f9b78bcf","ebb9eb60689aea47a25c67dba2552730","551840b1aa6ba6aadc175083b45f8d21"
"56d7bab60c941d2ef4b2735540c0b457","03/12/2007 01:07:00","34e0b98673ceaefc976d39cfeb21530d","6489f212bf1e7b8fa7ae8d70bf7a2a1a","56d7bab60c941d2ef4b2735540c0b457"
"5736e3be71827277a8183ce497e9df8d","04/12/2007 11:10:00","fb964a796a392235c50c703d77b047e1","2ec21edca736927d1340b524146925ee","5736e3be71827277a8183ce497e9df8d"
"67f78ddc12a948650db6e0203c1c19ac","03/12/2007 15:29:00","278df21254e6cd9ec8303da93cfda291","192e33b3e60457856143e56644a84995","67f78ddc12a948650db6e0203c1c19ac"
"68e4b015ab24586e9c73e9fee5375942","03/12/2007 17:13:00","364e9990f2f4e835a0b953f56bfb2e1f","015846324bd60a8b0d0b33cdf0a44199","68e4b015ab24586e9c73e9fee5375942"
"6c2ceb0e475e4f8b43d21d0028349326","03/12/2007 16:47:00","5d92dc230627afec7ca44c3a62d864f3","501ab83a1d1f29d526aeb1fee105d85e","6c2ceb0e475e4f8b43d21d0028349326"
"6d7cc0745be0a1bdcba82f4f902b7c60","03/12/2007 15:48:00","bd17c673d781ad95de5e7fd53a90e941","cde4b6a94f4c1223413a34a005461a25","6d7cc0745be0a1bdcba82f4f902b7c60"
"6ee9c935773b9e6c6857e6e8e7915923","06/12/2007 16:47:00","ac9f6d40da40e93c1fdc2e549c96b2ba","2a2def94e1c07a88cf06ea2b7d3a0203","6ee9c935773b9e6c6857e6e8e7915923"
"75e36c94b96b4070122b8246a2cc59e3","03/12/2007 17:05:00","35b310d39200fd31c8d1291cadc6e267","a543163bad9aa994d89bf6f4830b04dd","75e36c94b96b4070122b8246a2cc59e3"
"7976233373efbe9835adb10a9f7321f8","03/12/2007 01:07:00","13e46e424b577c69b2a7c0d17494c7a5","2b8ad3c80589a1ad0fdfcda3370918bb","7976233373efbe9835adb10a9f7321f8"
"7db478437cba7e44ce17797e5cbde590","04/12/2007 14:29:00","f26a3b67af1b0a4e2880254920c0b781","eb7d6f244f5f1e9d55afb65f0074b99e","7db478437cba7e44ce17797e5cbde590"
"7e229a8f82195cfbe9a1abdbc9966cfa","04/12/2007 11:17:00","c047fcfc1d60c7432559eaff381043b0","e1cfacc2c06c722777e25d5e98b4025d","7e229a8f82195cfbe9a1abdbc9966cfa"
"8037dae6fab6d544ac82826afd6f8250","04/12/2007 12:25:00","68ce394d53b822012b9de06842bda427","3312fa42785914fd8de26924f89fed19","8037dae6fab6d544ac82826afd6f8250"
"8490b51325466d803e1adea91a4c085c","04/12/2007 10:54:00","3ea5a4e5be13a23ee69a0b2c22b41f44","5f0f7bb61071b8823440b54f97452b12","8490b51325466d803e1adea91a4c085c"
"86e92f120fa45791add7bcb91478db72","04/12/2007 12:10:00","892ecac1ff7987c8d558897340c54111","a5aaf3dfd4f8b433b440a6e4441c1bf3","86e92f120fa45791add7bcb91478db72"
"88d93e995941a5eee9d8c961f7f12c70","04/12/2007 14:29:00","ff5a707468e9c1da8e0d328313907205","14c815104426853304a2867b199fbe19","88d93e995941a5eee9d8c961f7f12c70"
"8edb582791f5f09b0bf2787ed03f26ca","03/12/2007 00:57:00","e55460c7bfbd94b4803e6ace6cca9717","9afec3b38ccc8e05594b97b812fe0605","8edb582791f5f09b0bf2787ed03f26ca"
"8efa0f48d276a6df1bdc75e4e238071d","03/12/2007 15:59:00","51de8f744eefd46cfc6d94afb3da9f2e","ed33e8e876326c8b888a0402080f79f6","8efa0f48d276a6df1bdc75e4e238071d"
"956f2147fc239d23dd8436ee3793a205","03/12/2007 17:05:00","d87e9982e3c759589dfa38a14ba75a00","9862650b7b03f7fa6c5a07212aeade53","956f2147fc239d23dd8436ee3793a205"
"989311b2d24adb82af2e46465148ddc1","04/12/2007 11:17:00","d0a4188318989d1d530a7b0e14bbd852","1164a1e3c68d6e4b82185fc3925521ad","989311b2d24adb82af2e46465148ddc1"
"99395f4c55a8253ba34d84ae443f1647","04/12/2007 14:49:00","5362ff3bd35cfb5426a7b9f067e72505","0e19b3dbc7e5b59bd67db07e09fcdf38","99395f4c55a8253ba34d84ae443f1647"
"a731644536b927b6741382809ce43c44","04/12/2007 14:57:00","8216b910b43e7cd632fc9de702010368","71d114d8328ec4c4b67fa8eb2f45c1ae","a731644536b927b6741382809ce43c44"
"a968e32c555353bc5bbefa5b21f41f13","04/12/2007 11:01:00","f273a0a29ebb84c766c5ef7965e2bb8e","f6cce8c70b8436f6b5758eb3834ce39f","a968e32c555353bc5bbefa5b21f41f13"
"ad54386931ab25aae980f37e21338f2e","04/12/2007 14:40:00","9d8c94d322f87cac0fd11078b3d1294d","c183d9a8e0bc417fb4f699bef3f48651","ad54386931ab25aae980f37e21338f2e"
"ae5ed642273029179e22afbdf542be60","03/12/2007 17:05:00","2a0f583b4cefb647d81cbde52f360fbf","5d4501a46b9949c60c2345304b74704f","ae5ed642273029179e22afbdf542be60"
"afb4e911f7c63626a79c13b0a891d654","03/12/2007 15:48:00","c732e28dd274f21103afb40ffdf82d5d","9de51765af16d3cf8703e1e4a2d1b032","afb4e911f7c63626a79c13b0a891d654"
"b082b230ecd57e873ef6708663cd4d74","03/12/2007 16:47:00","cc6d14d284faae7363423baa2f89f09b","99ff2fc893b50228cd228628d2107e35","b082b230ecd57e873ef6708663cd4d74"
"b487e18ebd9141f9cb579b992df9d265","04/12/2007 12:18:00","3d69dade3760de0ac05428f4abd66326","177ee4b1e79e77d305b1ce84fd980d91","b487e18ebd9141f9cb579b992df9d265"
"b53460fa7e67bc33c8d28445dc2217e7","04/12/2007 12:10:00","8aca925c04299bd5a4062cd1e7e37a54","5625325236349f45e001f6b60eb34aef","b53460fa7e67bc33c8d28445dc2217e7"
"bb4f3db4c7552045431b5e287a32f7d8","04/12/2007 14:40:00","0edf147d9b6dde6350b30e4d61a64354","5725a37a1529a8d43d489b8d033043d1","bb4f3db4c7552045431b5e287a32f7d8"
"bf893af907596515ce6349e56ee2aafb","03/12/2007 00:40:00","dc1a6106f02d9c2ab6752f783bc774f5","bde054183a3a60b563959267d2dbd500","bf893af907596515ce6349e56ee2aafb"
"c5ebe27eefbfff18ed81d1a8f582f097","03/12/2007 17:13:00","0e88ea502f01f69add202c983d3a5e79","f7882cfb436587e7ee7c10cb4826f331","c5ebe27eefbfff18ed81d1a8f582f097"
"cc29c70e724e5b73abe387e6753c9083","04/12/2007 14:29:00","403eb92034f2a8776bcac164ffc593f3","ef1f24cc793cb961915eb4a68962f7ac","cc29c70e724e5b73abe387e6753c9083"
"ce74bc65597006685d188b97def24fa8","03/12/2007 15:38:00","b82b37ec8f57a082570f5429d7c79aa3","2d399404825373f7a77efefa82557dc4","ce74bc65597006685d188b97def24fa8"
"cec30170b94e7db106c163abb80830ae","04/12/2007 14:40:00","1ad6e603d1fb00cad2b7e71db0c26eb1","50f3adb649bddd615e2f930bb5993ada","cec30170b94e7db106c163abb80830ae"
"d0a02b94ce4ff8929bb0ef5261aa1892","03/12/2007 01:07:00","4ac5474ef032482790d25cac77345ba2","fcd7bb554f874d5d26ae8f109c0eaf6b","d0a02b94ce4ff8929bb0ef5261aa1892"
"d84df9d489c84131ea61ce5bddbd7018","04/12/2007 10:54:00","36a8da923c6936a349d09758761c4819","f059526c5cf2857c1b95f28cb6fba703","d84df9d489c84131ea61ce5bddbd7018"
"dc1fcb3d27c102f771c17b68661db85b","03/12/2007 16:55:00","0ef7ef121d00062b4ae2df2326c02b55","835103e603ebe70c188f6982b819e287","dc1fcb3d27c102f771c17b68661db85b"
"e437b3bd394b387ecd1b1b4424bb1f80","04/12/2007 12:38:00","6c84bff665d426a202768b5f78b1bc13","2d4a8fd8ece445bec44e6139c6b20c5d","e437b3bd394b387ecd1b1b4424bb1f80"
"e6151eba3f55a3a7d53e6ac608aa40e0","03/12/2007 15:38:00","6eaeb46ebc05a4d97206a3960072272c","04a07db4ed80a671e90bc7efaa46fc51","e6151eba3f55a3a7d53e6ac608aa40e0"
"ed1e76c5b91ff788298a95bf2c9b4e9f","03/12/2007 15:38:00","04f0f98ac342523622722bf00afecb1f","e052a3ba55c64e1058af64282f5cffc7","ed1e76c5b91ff788298a95bf2c9b4e9f"
"f2a350e2431e9eae136ec23a311524b5","04/12/2007 11:01:00","7bb84c357a51b975d772cfad2f95a028","dfb0a640b73c8551f1464ec2f56f94df","f2a350e2431e9eae136ec23a311524b5"
"f825ae2c041527d924cc88a03224c584","04/12/2007 12:25:00","cd0472a5e75401a5481a050179bdd7c4","63d750035e5714a58de522a481df0b07","f825ae2c041527d924cc88a03224c584"
"f85c2a08254c613810abae9158d306e1","03/12/2007 15:29:00","40ef2225f2364abb53c4e0a257e27c85","b06fc7e51b2111de9da0636255508303","f85c2a08254c613810abae9158d306e1"
