"sequencehash","timestamptime","sourcehash","id"
"012d0d8d6db166b6db15b3a5cc5141a4","03/12/2007 01:07:00","34e0b98673ceaefc976d39cfeb21530d","VM0001_ViMo"
"06c75d013604f5a467f53cfb8190a0c1","04/12/2007 11:17:00","c047fcfc1d60c7432559eaff381043b0","VM0004_Moto"
"0706d10754b598723aeb2071f6ea997e","04/12/2007 10:54:00","36a8da923c6936a349d09758761c4819","VM0004_Rest"
"0ddd8871bd69f8137c0bb403463a11da","04/12/2007 14:49:00","9a7874f54ddd59ce789bf6b2166f037c","VM0006_Moto"
"0f37b5e3800c3f6956a0cee1f11e8a76","03/12/2007 17:05:00","35b310d39200fd31c8d1291cadc6e267","VM0003_Moto"
"1223d297566be24b6391791adf84b151","06/12/2007 16:47:00","1ad6e603d1fb00cad2b7e71db0c26eb1","VM0010_Viso"
"1ab686bdb355f1b6e34882307027c510","03/12/2007 16:55:00","575c9adc04a3a4ec723f86d5f9b78bcf","VM0003_ViMo"
"1b5d623be78ade7513368a600c14ab20","03/12/2007 00:40:00","3f0bc5cad3b1045283789d77ca34f556","VM0001_Rest"
"1f01a47103e795a9ccbe80544445583b","03/12/2007 16:47:00","311242a48cd584912009b9754e6689d0","VM0003_Rest"
"1f665cfb0b37070754bad8ba23d0611c","04/12/2007 14:40:00","0edf147d9b6dde6350b30e4d61a64354","VM0006_Viso"
"2b0436084d2d9ec1db0fb07a87445b3b","03/12/2007 00:57:00","ec2fa6ab697465fe74ca1d31898d17d0","VM0001_Moto"
"3143f6a7e75bfb0ffb73eee34fcb9e7d","03/12/2007 15:48:00","bd17c673d781ad95de5e7fd53a90e941","VM0002_ViMo"
"38efce1a9014c7a0ebe6e0e836210a81","03/12/2007 15:29:00","40ef2225f2364abb53c4e0a257e27c85","VM0002_Rest"
"401f63323718c18da76975e939df5bd5","03/12/2007 00:40:00","dc1a6106f02d9c2ab6752f783bc774f5","VM0001_Rest"
"479661b1fd82ddd98d8734879443e38c","03/12/2007 15:48:00","c732e28dd274f21103afb40ffdf82d5d","VM0002_ViMo"
"494df3bc4a30f3777e7e68c864081c50","04/12/2007 14:29:00","ff5a707468e9c1da8e0d328313907205","VM0006_Rest"
"4dce16a8b6a83d012379341d3d198a31","04/12/2007 14:57:00","8216b910b43e7cd632fc9de702010368","VM0006_ViMo"
"5015ce1d736d2b4269e547edb6a97fc5","03/12/2007 00:50:00","d8189b34460fab7a0f21969ca3559697","VM0001_Viso"
"52211459979e7b1506cc216bc58d53b7","03/12/2007 15:59:00","51de8f744eefd46cfc6d94afb3da9f2e","VM0002_Viso"
"5532614f5de50c2d38ba6eb5491b138b","04/12/2007 14:49:00","24cfcbb6c9d079cc38db61a37dc1e986","VM0006_Moto"
"56301a13b875640e0f361a0747f2f739","03/12/2007 00:50:00","78c0b7c93b6491a6bac81245752cc429","VM0001_Viso"
"564be331ed8bdc94a2fc66f3244405b4","04/12/2007 12:10:00","892ecac1ff7987c8d558897340c54111","VM0005_Rest"
"5a4e99ec46f1acba25e55976afa80ed1","04/12/2007 12:10:00","8aca925c04299bd5a4062cd1e7e37a54","VM0005_Rest"
"612b47242e954f4db81e2d8bb4797d7a","03/12/2007 01:07:00","13e46e424b577c69b2a7c0d17494c7a5","VM0001_ViMo"
"66560c79d3a3901c0a51de90450e6dcb","04/12/2007 14:29:00","f26a3b67af1b0a4e2880254920c0b781","VM0006_Rest"
"691a857e5935265a40c2584a2d9a94d9","06/12/2007 16:47:00","1ad6e603d1fb00cad2b7e71db0c26eb1","VM0010_Viso"
"6b3068403a89898182b99ee1c0c0410a","03/12/2007 17:05:00","d87e9982e3c759589dfa38a14ba75a00","VM0003_Moto"
"6c35a84270b1580eb18f5b0df01a6a49","04/12/2007 12:10:00","4f80c546b5c3657d3d79a13fa57dddaa","VM0005_Rest"
"6d5e5ea6b0e0696513653fc41ea6ae89","03/12/2007 15:29:00","43a351a1b8ba0b43d3125a1cb538371f","VM0002_Rest"
"6ef51b2fba8368fa6d08d01c34476f99","03/12/2007 01:07:00","4ac5474ef032482790d25cac77345ba2","VM0001_ViMo"
"6fb6cb1ca2c4cbf0915946c4a98efe55","03/12/2007 15:29:00","278df21254e6cd9ec8303da93cfda291","VM0002_Rest"
"719025f13991ad8907ed8e3217f1c25b","03/12/2007 17:13:00","364e9990f2f4e835a0b953f56bfb2e1f","VM0003_Viso"
"727582240c43efe0c30b03d0c1717b3a","03/12/2007 00:57:00","cfd1823d2d49990fa3de7b7263cca20b","VM0001_Moto"
"729b4c8a0013050166babb722877dffc","03/12/2007 16:47:00","cc6d14d284faae7363423baa2f89f09b","VM0003_Rest"
"79c30796e1f28f66338d0e0930ff2b0b","03/12/2007 16:55:00","0ef7ef121d00062b4ae2df2326c02b55","VM0003_ViMo"
"7a9e5e7889dbf3dd11fa039eecc8fcce","04/12/2007 11:01:00","3ea5a4e5be13a23ee69a0b2c22b41f44","VM0004_Viso"
"7ba2fbc237aebdd0e2cde179c4c371d1","04/12/2007 12:25:00","d1360758393a81d15476754d2d2760c5","VM0005_ViMo"
"83834b59f5da600c9457a923f8aed384","04/12/2007 12:25:00","68ce394d53b822012b9de06842bda427","VM0005_ViMo"
"8499b5efd72683923a2ea53704817f65","04/12/2007 11:17:00","d0a4188318989d1d530a7b0e14bbd852","VM0004_Moto"
"89a33665899e4be3b93f4b6b4b679727","04/12/2007 10:54:00","b3328e9cecb49d1c4b0352716770c0f3","VM0004_Rest"
"89d1e8f7ba3663257eaf3201b016aa16","04/12/2007 12:18:00","3d69dade3760de0ac05428f4abd66326","VM0005_Moto"
"957ea684bd7be5268c1936027e4e751b","06/12/2007 16:47:00","1ad6e603d1fb00cad2b7e71db0c26eb1","VM0010_Viso"
"9727b422cee86d7299ef3cb95519b0e5","04/12/2007 11:10:00","cf9f945b3d44e10807b7d959f482b2b9","VM0004_Viso"
"a4d1c4c51aa77409c7fb41e264175772","04/12/2007 12:38:00","ee564084bd329420db37506e809f1b55","VM0005_Viso"
"a7db75b55a549157e356f8a1be001580","04/12/2007 14:49:00","5362ff3bd35cfb5426a7b9f067e72505","VM0006_Moto"
"a91bf8c9428b16bf9b1c6de48eb045ab","03/12/2007 17:05:00","2a0f583b4cefb647d81cbde52f360fbf","VM0003_Moto"
"b020b89109ba6fc123126b60943f62eb","03/12/2007 16:55:00","6b3dc045e3a98709ca1b0c290714946d","VM0003_ViMo"
"b29ea62502bea785461f02f7dfd95d88","04/12/2007 14:40:00","1ad6e603d1fb00cad2b7e71db0c26eb1","VM0006_Viso"
"b620021c58478114c7467ce27c3c7320","04/12/2007 11:01:00","3ea5a4e5be13a23ee69a0b2c22b41f44","VM0004_Viso"
"ba88d49f4decdb35d9c00ce1c87e46c0","04/12/2007 12:18:00","3dcd7988ce2d2a67cb63edd548486019","VM0005_Moto"
"becd4ead1e60d0e0fa9e03fb6b753cd6","04/12/2007 14:40:00","9d8c94d322f87cac0fd11078b3d1294d","VM0006_Viso"
"c21119f50db8930b23b2e0368f9a9945","03/12/2007 00:40:00","c0b7a25004fb35229316dd7fcfc3ede9","VM0001_Rest"
"c2941d21801cbeb7631f52326c6759f5","04/12/2007 14:57:00","f18a09d78e2a7dc0436810ca212cae7b","VM0006_ViMo"
"c653c5b50121e27fd5dd4f39c1b8c4ee","04/12/2007 12:18:00","fbd1e543a5cdcd8028286374eabc87cf","VM0005_Moto"
"c78be7bdeeb8fcb597aa756f942883f9","04/12/2007 11:10:00","dc8985a12b37d82f6169a35dd5873257","VM0004_Viso"
"cb24020d0634455de7e225f7c00d55ab","03/12/2007 16:47:00","5d92dc230627afec7ca44c3a62d864f3","VM0003_Rest"
"d4f99b35503cf596b2d212606badd329","04/12/2007 11:17:00","79e0c2ef5a35b0fd03c73ba6747b1db3","VM0004_Moto"
"d4fd7dc7644565e36d5defaf12a13bcf","03/12/2007 15:38:00","6eaeb46ebc05a4d97206a3960072272c","VM0002_Moto"
"d76692f72836229bf17b1b72e5def42d","03/12/2007 15:59:00","4d3a0b8b351ae2327bd7f1572f9a47b5","VM0002_Viso"
"d7dd43d35f664316a90b6ecb9193f86d","04/12/2007 11:10:00","fb964a796a392235c50c703d77b047e1","VM0004_Viso"
"da0064db467d3ef9aa376f9b31eb78eb","03/12/2007 00:50:00","b4258d2d62afc76f932ee0c9ddf57296","VM0001_Viso"
"e2150d28a08a03c2a2e5be62bfa46012","04/12/2007 14:57:00","3a1298e05dd25196e0bcd11410ee53ba","VM0006_ViMo"
"e50387a235fdac9803ef958a66671cd9","04/12/2007 11:01:00","3ea5a4e5be13a23ee69a0b2c22b41f44","VM0004_Viso"
"e55d1277f20b0aadc9c590ab545f957e","04/12/2007 10:54:00","3ea5a4e5be13a23ee69a0b2c22b41f44","VM0004_Rest"
"e82c6cef755b0e5487a95fa74b041ded","03/12/2007 17:13:00","ded0b4d99ff0f0884a5040da986f3681","VM0003_Viso"
"e8a475200ba7eca556ecaed01c7fe10d","04/12/2007 14:29:00","403eb92034f2a8776bcac164ffc593f3","VM0006_Rest"
"edc82664c0a8e05ab253fa5dedd4cc59","03/12/2007 15:59:00","8a6a5a808b9ac413b2070f322cff998b","VM0002_Viso"
"f0215d7b46f214fa4102b8dfd1011461","04/12/2007 12:25:00","cd0472a5e75401a5481a050179bdd7c4","VM0005_ViMo"
"f3a0373d381f890d96970facd7dc32dd","03/12/2007 15:48:00","8b50661c0b3da7b028ca7d3c6ebe539b","VM0002_ViMo"
"f8e4c8ba2faffd2bc82602afe0ae1b9b","03/12/2007 15:38:00","b82b37ec8f57a082570f5429d7c79aa3","VM0002_Moto"
"f9652c7f7a34dd8e19a84d921a454827","03/12/2007 00:57:00","e55460c7bfbd94b4803e6ace6cca9717","VM0001_Moto"
"f982b5ecadb854013a43be4562620f88","04/12/2007 12:38:00","7aa54518e6a47611c35552c5989d5906","VM0005_Viso"
"fd94863cb3a43a4c3a2b1cf25a7947a0","03/12/2007 17:13:00","0e88ea502f01f69add202c983d3a5e79","VM0003_Viso"
"ff24f409092c729acd56bd52c44dcd1a","04/12/2007 12:38:00","6c84bff665d426a202768b5f78b1bc13","VM0005_Viso"
"ff4f220ceb1a1b3504a5b1448acbd30a","03/12/2007 15:38:00","04f0f98ac342523622722bf00afecb1f","VM0002_Moto"
